<?xml version="1.0" ?>
<soundpack>
	<sounds size="10">
		<sound bank="1" filename="sfx_p_amb_monsters_one_shot_1.wav" format="adpcm" group="1" label="sfx_p_amb_monsters_one_shot_1" loop="no" maxdistance="30" priority="1" refdistance="2" uid="0"/>
		<sound bank="1" filename="sfx_p_amb_monsters_one_shot_2.wav" format="adpcm" group="1" label="sfx_p_amb_monsters_one_shot_2" loop="no" maxdistance="30" priority="1" refdistance="2" uid="1"/>
		<sound bank="1" filename="sfx_p_amb_monsters_one_shot_3.wav" format="adpcm" group="1" label="sfx_p_amb_monsters_one_shot_3" loop="no" maxdistance="30" priority="1" refdistance="2" uid="2"/>
		<sound bank="1" filename="sfx_p_amb_monsters_one_shot_4.wav" format="adpcm" group="1" label="sfx_p_amb_monsters_one_shot_4" loop="no" maxdistance="30" priority="1" refdistance="2" uid="3"/>
		<sound bank="1" filename="sfx_p_amb_monsters_one_shot_5.wav" format="adpcm" group="1" label="sfx_p_amb_monsters_one_shot_5" loop="no" maxdistance="30" priority="1" refdistance="2" uid="4"/>
		<sound bank="1" filename="sfx_p_amb_monsters_one_shot_6.wav" format="adpcm" group="1" label="sfx_p_amb_monsters_one_shot_6" loop="no" maxdistance="30" priority="1" refdistance="2" uid="5"/>
		<sound bank="1" filename="sfx_p_amb_monsters_one_shot_7.wav" format="adpcm" group="1" label="sfx_p_amb_monsters_one_shot_7" loop="no" maxdistance="30" priority="1" refdistance="2" uid="6"/>
		<sound bank="1" filename="sfx_p_amb_monsters_one_shot_8.wav" format="adpcm" group="1" label="sfx_p_amb_monsters_one_shot_8" loop="no" maxdistance="30" priority="1" refdistance="2" uid="7"/>
		<sound bank="1" filename="sfx_p_amb_monsters_one_shot_9.wav" format="adpcm" group="1" label="sfx_p_amb_monsters_one_shot_9" loop="no" maxdistance="30" priority="1" refdistance="2" uid="8"/>
		<sound bank="2" basegain="0.2" filename="m_background_1.wav" format="adpcm" group="2" label="m_background_1" loop="yes" priority="3" uid="9"/>
	</sounds>
	<groups size="2">
		<group bus="AUX1" name="sfx_prod_elements" pos3d="no" uid="1" volumeslider="SFX"/>
		<group bus="Music" name="m_env" pos3d="no" uid="2" volumeslider="MUSIC"/>
	</groups>
	<groupmasks size="2">
		<groupmask label="MUSIC" mask="4"/>
		<groupmask label="SFX" mask="2"/>
	</groupmasks>
	<banks size="2">
		<bank behaviour="steal oldest" maxplaybacks="5" name="P_AMB" uid="1"/>
		<bank behaviour="steal lowest priority" maxplaybacks="4" name="MUSIC" uid="2"/>
	</banks>
	<events size="0"/>
</soundpack>
